id,latitude,longitude,step 1,step 2,step 3,step 4,step 5.1,step 5.2
DD1701_A,55.89207133579385,-4.389502533088129,0,0,0,0,0,0
DD1701_B,55.89009089504372,-4.383175384174623,1,1,0,0,0,0
DD1701_C,55.89198288109072,-4.386650157412388,1,1,0,0,0,0
GA0151_A,55.863143518141726,-4.27505281020752,1,1,1,1,1,1
GA0151_C,55.86237982790527,-4.270661220332998,1,1,1,1,1,1
GA0151_D,55.86361715483175,-4.270333892956895,1,1,1,1,1,1
GA0151_V,55.862806359557744,-4.269950964816516,1,1,1,1,0,0
GA0151_Z,55.86283080107126,-4.268625923607663,1,1,1,1,0,0
GA0201_S,55.86536784224439,-4.269461129844541,1,1,1,1,0,0
GA0201_T,55.86614756299533,-4.271040978763687,1,1,1,1,0,0
GA0251_A,55.86625907157404,-4.272789630918691,1,1,1,1,0,0
GA0251_C,55.865596219960615,-4.271696045530919,1,1,1,1,0,0
GA0251_D,55.86678852398857,-4.270886602653868,1,1,1,1,0,0
GA0251_E,55.86679573357894,-4.270982922572935,1,1,1,1,0,0
GA0301_P,55.866843545333616,-4.27180085673688,1,0,0,0,0,0
GA0301_R,55.86947439080603,-4.269013415741928,1,1,1,1,0,0
GA0301_T,55.86857445828864,-4.272972876238067,1,1,1,1,0,0
GA0301_W,55.867698205592745,-4.271754872355245,1,1,1,1,0,0
GA0301_X,55.86747922591072,-4.270958893825728,1,1,1,1,0,0
GA0351_A,55.87124081534886,-4.268748816444544,1,1,1,1,0,0
GA0351_B,55.86998524222575,-4.2671410663873575,1,1,1,1,0,0
GA0351_C,55.86774502347543,-4.271166214927868,1,1,1,1,0,0
GA0351_D,55.87104477578346,-4.267682376751687,1,1,1,1,0,0
GA0351_F,55.8691626663695,-4.2693468815298905,1,1,1,1,0,0
GA0401_R,55.86305832768834,-4.269933703376354,1,1,1,1,1,1
GA0401_S,55.86254569670413,-4.266052272953681,1,1,1,1,1,1
GA0401_T,55.863952588670784,-4.268227863465616,1,1,1,1,1,1
GA0571_N,55.86070723971057,-4.263883692348967,1,1,1,1,1,1
GA0571_V,55.86022586104835,-4.265134118419911,1,1,1,1,1,1
GA058A_B,55.86077321627064,-4.265181965503831,1,1,1,1,1,1
GA058A_C,55.8608183994786,-4.26516861539782,1,1,1,1,1,1
GA0601_T,55.86238129228681,-4.265707088968178,1,1,1,1,1,1
GA0601_V,55.86102226515053,-4.266299138880772,1,1,1,1,1,1
GA0651_A,55.86284139777686,-4.26805120630238,1,1,1,1,1,1
GA0651_B,55.862236247979325,-4.2633334140470485,1,1,1,1,1,1
GA0651_C,55.86229040886288,-4.263320583626455,1,1,1,1,1,1
GA0651_D,55.86200673183739,-4.266036861806618,1,1,1,1,1,0
GA070A_S,55.86205072581512,-4.2616925402496255,1,1,1,1,1,1
GA1051_P,55.86129533430519,-4.263182791854149,1,1,1,1,1,1
GA1051_S,55.86051333355115,-4.262210431815335,1,1,1,1,1,1
GA1201_A,55.86825842007205,-4.262325208789392,1,1,1,1,0,0
GA1201_B,55.86747423770223,-4.259514469764702,1,1,1,1,0,0
GA1201_C,55.8674941955104,-4.26087421923302,1,1,1,1,0,0
GA1201_D,55.86931001052249,-4.2598768610287285,1,1,1,1,0,0
GA1201_H,55.86750205100602,-4.259468135176847,1,1,1,1,0,0
GA1251_R,55.87419567141074,-4.2615355849551895,1,1,1,1,0,0
GA1251_S,55.8698287151928,-4.258548328199565,1,1,1,1,0,0
GA1251_T,55.86841445512926,-4.260192455671685,1,1,1,1,0,0
GA1251_V,55.86997918483164,-4.261610092912863,1,1,1,1,0,0
GA1301_A,55.856959063447256,-4.263905310495209,1,1,1,1,1,0
GA1301_G,55.85706130313036,-4.262744781578143,1,1,1,1,1,0
GA1301_P,0.0,0.0,0,0,0,0,0,0
GA1321_B,55.86039697864946,-4.2607174799146295,1,1,1,1,1,1
GA1321_C,55.86063562300639,-4.261913910710349,1,1,1,1,1,1
GA1331_V,55.85999320396004,-4.262148229588757,1,1,1,1,1,1
GA1361_B,55.86186371522894,-4.2601315018488615,1,1,1,1,1,1
GA1361_C,55.86148570666813,-4.261627732488783,1,1,1,1,1,1
GA1371_R,55.86303934451679,-4.2621815166772015,1,1,1,1,1,1
GA1371_V,55.86214696081949,-4.261346547864132,1,1,1,1,1,1
GA1401_R,55.86592441698528,-4.261198533696136,1,1,1,1,0,0
GA1401_T,55.86628329279481,-4.259764949634656,1,1,1,1,0,0
GA1451_M,55.86658912721061,-4.25975075057042,1,1,1,1,0,0
GA1451_R,55.867977472280025,-4.260007227411231,1,1,1,1,0,0
GA1451_S,55.86678933266853,-4.2566776399380695,1,1,1,1,0,0
GA1501_T,55.85679614368984,-4.2610355862583935,1,1,1,1,1,1
GA1551_J,0.0,0.0,0,0,0,0,0,0
GA1571_Q,55.86025543081082,-4.259127192067156,1,1,1,1,1,1
GA1571_T,55.860990514119,-4.260208622506219,1,1,1,1,1,1
GA1601_A,55.86128303053796,-4.261408199654056,1,1,1,1,1,1
GA1651_S,55.86172245341257,-4.258525191822954,1,1,1,1,1,0
GA1651_T,55.86251950713751,-4.2596581956433965,1,1,1,1,1,0
GA183A_A,55.86573047624031,-4.259525060499162,1,1,1,1,0,0
GA1851_A,55.85683110790558,-4.262555626485703,1,1,1,1,1,1
GA1851_C,55.855109995962245,-4.2598670701844,1,1,1,1,1,1
GA1851_E,55.8551024841791,-4.259786742365565,1,1,1,1,1,1
GA1851_F,55.85510395023989,-4.2597069358962205,1,1,1,1,1,1
GA1901_B,55.85837566380664,-4.257244310871647,1,1,1,1,1,0
GA1901_F,0.0,0.0,0,0,0,0,0,0
GA1901_H,0.0,0.0,0,0,0,0,0,0
GA1901_N,55.85678428273496,-4.259724617994603,1,1,0,0,0,0
GA1951_R,55.86113973248423,-4.259913655841071,1,1,1,1,1,0
GA1951_V,0.0,0.0,0,0,0,0,0,0
GA2001_B,55.86152788882549,-4.256883840179388,1,1,1,1,0,0
GA2001_C,55.86111049118906,-4.258569571326698,1,1,1,1,0,0
GA2051_R,55.86266931063688,-4.259331286597653,1,1,1,1,0,0
GA2051_V,55.86178910849917,-4.2583213074355575,1,1,1,1,0,0
GA2101_A,55.86340326237511,-4.259006331320647,1,1,1,1,0,0
GA2101_C,55.86264962734015,-4.257955741740505,1,1,1,1,0,0
GA2151_S,55.86381803876785,-4.255993857153411,1,1,1,1,0,0
GA2151_V,55.86334737110862,-4.257644641260812,1,1,1,1,0,0
GA2201_C,55.86406131229054,-4.257430361790624,1,1,1,1,0,0
GA2251_R,55.865612811185215,-4.258591233022848,1,1,1,1,0,0
GA2251_V,55.86477613183045,-4.257168178932541,1,1,1,1,0,0
GA2301_A,55.8673069936197,-4.258833454792228,1,1,1,1,0,0
GA2301_B,55.86667515880417,-4.255552201998089,1,1,1,1,0,0
GA2301_C,55.86556277400538,-4.256910153802765,1,1,1,1,0,0
GA2301_E,55.86555526048061,-4.256829804869128,1,1,1,1,0,0
GA2351_R,0.0,0.0,0,0,0,0,0,0
GA2351_T,55.85711670640357,-4.2572831345389135,1,1,1,1,1,0
GA2351_X,0.0,0.0,0,0,0,0,0,0
GA2401_A,55.85753923203803,-4.258745783442047,1,1,0,0,0,0
GA2401_B,55.856906998640135,-4.255976666743277,1,1,1,1,1,1
GA2401_D,55.8582303611654,-4.256836391937465,1,1,1,1,1,1
GA2421_W,55.85512327195502,-4.252773469527152,1,1,1,1,1,1
GA2451_T,55.86043921936093,-4.256948534301011,1,1,1,1,1,0
GA2501_D,55.86137819295122,-4.2567153477305295,1,1,1,1,0,0
GA2551_S,55.86142259609011,-4.256254477099935,1,1,1,1,0,0
GA2551_T,55.86221030961522,-4.256428009179907,1,1,1,1,0,0
GA2601_A,55.86250022601733,-4.257771275886284,1,1,1,1,0,0
GA2601_D,55.86296162444285,-4.25613597293283,1,1,1,1,0,0
GA2651_R,55.86322343830514,-4.25754155933178,1,1,1,1,0,0
GA2651_T,55.86365848566547,-4.255872731885361,1,1,1,1,0,0
GA2701_B,55.8636094896864,-4.254623310621573,1,1,1,1,0,0
GA2701_D,55.864391257964655,-4.255611563952368,1,1,1,1,0,0
GA2751_T,55.86512432238658,-4.255334421083806,1,1,1,1,0,0
GA2801_A,55.86540615045904,-4.256629363666894,1,1,1,1,0,0
GA2801_B,55.86507327370817,-4.254196711337343,1,1,1,1,0,0
GA2801_G,55.86536126095586,-4.256626759612004,1,1,1,1,0,0
GA2901_B,55.861193642467136,-4.254035848834273,1,1,1,1,0,0
GA2901_C,55.86060023777566,-4.255519623901867,1,1,1,1,0,0
GA2901_D,55.862031039564506,-4.254931364971087,1,1,1,1,0,0
GA2951_R,55.862307115452616,-4.256050073395752,1,1,1,1,0,0
GA2951_T,55.86279103643167,-4.2546557857873015,1,1,1,1,0,0
GA2951_V,55.86173125688012,-4.255105762212175,1,1,1,1,0,0
GA3221_B,55.85455622712544,-4.250855233139799,1,1,1,1,1,1
GA3221_D,55.85560181565158,-4.252162032434144,1,1,1,1,1,1
GA3251_A,55.85834541660072,-4.256443574200127,1,1,1,1,0,0
GA3301_S,55.86092180429574,-4.251702901209992,1,1,1,1,0,0
GA3351_A,55.86210812957527,-4.254648171869238,1,1,1,1,0,0
GA4101_B,55.8606487540426,-4.249433839780979,1,1,1,1,1,0
GA4101_C,55.86036341899992,-4.2517664685532885,1,1,1,1,1,0
GA4101_G,55.86068495774335,-4.249419952325652,1,1,1,1,1,0
GA4151_V,55.86116829908267,-4.2514934360283245,1,1,1,1,0,0
GA4301_A,55.86166245604906,-4.251010641486377,1,1,1,1,0,0
GA4301_D,55.86233398143197,-4.249675107491648,1,1,1,1,0,0
GA4351_C,0.0,0.0,0,0,0,0,0,0
GA4351_S,55.86304658935487,-4.248549662370607,1,1,1,1,1,0
GA4351_T,55.864334161789216,-4.248911760947647,1,1,1,1,1,0
GA4371_A,55.86316265056062,-4.2490837627946565,1,1,1,1,1,0
GA4371_B,55.86295257120771,-4.245331948314783,1,1,1,1,1,0
GA4371_C,55.861576471367606,-4.248832258852847,1,1,1,1,1,0
GA4401_M,55.8633899477641,-4.249432518576116,1,1,1,1,1,1
GA4401_N,55.86535684098522,-4.248523373767212,1,1,1,1,1,1
GA4401_Y,55.86477919409067,-4.249640707541476,1,1,1,1,1,1
GA4451_A,55.86583129214458,-4.250101118786903,1,1,1,1,1,1
GA4451_C,55.86473933686761,-4.248871255277288,1,1,1,1,1,1
GA4451_D,55.86686870434585,-4.247923492651264,1,1,1,1,1,1
GA4501_R,55.86764767693011,-4.248575880534607,1,1,1,1,1,0
GA4501_S,55.86654993681943,-4.2471698545989165,1,1,1,1,1,0
GA4501_T,55.86771019575789,-4.24662951362045,1,1,1,1,1,1
GA4501_V,55.86577968002779,-4.24849986694222,1,1,1,1,1,1
GA4551_S,55.86041588564579,-4.247422819544945,1,1,1,1,1,1
GA4551_T,55.861232682672494,-4.248956214731358,1,1,1,1,1,1
GA4551_V,55.86004635555312,-4.249446953761908,1,1,1,1,1,1
GA4601_R,55.86156852034677,-4.249758693427665,1,1,1,1,0,0
GA4651_R,55.85484979341293,-4.251511339891655,1,1,1,1,1,0
GA4651_S,55.85408462969502,-4.249613639611781,1,1,1,1,1,0
GA4651_T,55.855578694138686,-4.249987620993227,1,1,1,1,1,0
GA4651_V,55.852329378276565,-4.252707611714965,1,1,1,1,1,0
GA4701_A,55.85595452663108,-4.250568603271824,1,1,1,1,1,0
GA4701_D,55.85632999505681,-4.249695506359895,1,1,1,1,1,0
GA4721_S,55.85617173990171,-4.248519911070388,1,1,1,1,1,1
GA4721_T,55.85735267711808,-4.249307214129634,1,1,1,1,1,1
GA4721_V,55.85600211779087,-4.249932209625752,1,1,1,1,1,0
GA4751_B,55.85711584377603,-4.246529140120458,1,1,1,1,1,0
GA4751_C,55.85665407722729,-4.249666305715105,1,1,1,1,1,0
GA4751_D,55.85861863829646,-4.2488850239234415,1,1,1,1,1,0
GA4771_T,55.85969518557228,-4.248499802037326,1,1,1,1,1,0
GA4771_V,55.85764865783946,-4.249340302621111,1,1,1,1,1,0
GA4801_A,55.86004650210669,-4.250421761202082,1,1,1,1,1,0
GA4801_B,55.85966494429015,-4.247203662627562,1,1,1,1,1,0
GA4801_C,55.85894067749307,-4.248967556218184,1,1,1,1,1,0
GA4801_D,55.86051036053082,-4.249138189628752,1,1,1,1,1,0
GA4851_S,55.85692077247911,-4.245399347486764,1,1,1,1,1,1
GA4851_V,55.856549356810426,-4.24654437258466,1,1,1,1,1,1
GA4871_A,55.86141953699448,-4.248567493942917,1,1,1,1,1,0
GA4871_D,55.86149843058432,-4.245232046454583,1,1,1,1,1,0
GA4871_H,55.860341288414666,-4.240179386155298,1,1,1,1,0,0
GA4901_R,55.86305073972171,-4.247830733027556,1,1,1,1,1,0
GA4901_S,55.8630252246768,-4.242827044221353,1,1,1,1,1,0
GA4901_V,55.86251847735004,-4.244987269051881,1,1,1,1,1,0
GA495A_A,55.86302503111264,-4.2448087403053485,1,1,1,1,0,0
GA495A_B,55.86309059350354,-4.240225823732692,1,1,1,1,0,0
GA4971_R,55.86307709911425,-4.242446478153432,1,1,1,1,1,0
GA4971_S,55.86289672837317,-4.2370503360067975,1,1,1,1,1,0
GA4971_T,55.864269181865616,-4.2376886270108844,1,1,1,1,1,0
GA5151_P,55.8569387815591,-4.2449050372045525,1,1,1,1,1,1
GA5151_R,55.8552219712963,-4.2414665342200975,1,1,1,1,1,1
GA5151_T,55.85745246612139,-4.242857373616797,1,1,1,1,1,1
GA5151_V,55.85593761611217,-4.24460760244162,1,1,1,1,1,1
GA5171_B,55.85653948252413,-4.244130995935113,1,1,1,1,1,1
GA5171_D,55.85762547767732,-4.244704964359968,1,1,1,1,1,1
GA5201_A,55.857834108218775,-4.243614422514919,1,1,1,1,1,1
GA5201_B,55.857289491404686,-4.241937168578764,1,1,1,1,1,1
GA5201_D,55.85887024114575,-4.241500914430377,1,1,1,1,1,1
GA5251_R,55.859260535656034,-4.242769834997752,1,1,1,1,1,1
GA5251_S,55.85887234945319,-4.240398430222887,1,1,0,0,0,0
GA5251_T,55.85968789465786,-4.240525290023306,1,1,1,1,1,1
GA5251_V,55.85772588028365,-4.242649422412462,1,1,1,1,1,1
GA5301_B,55.86001214740171,-4.237523694105418,1,1,1,1,1,0
GA5301_C,0.0,0.0,0,0,0,0,0,0
GA5301_D,0.0,0.0,0,0,0,0,0,0
GA5301_E,0.0,0.0,0,0,0,0,0,0
GA5351_R,55.86208992002028,-4.235453778514287,1,1,1,1,1,1
GA5351_T,55.86280406582014,-4.236709398599096,1,1,1,1,1,1
GA5371_A,55.86302818247815,-4.237729117192991,1,1,1,1,1,1
GA5371_C,55.86247998608794,-4.236738710494965,1,1,1,1,1,1
GA5371_D,55.86349421279903,-4.236813004256239,1,1,1,1,1,1
GA5371_F,55.86349363226202,-4.23684493422616,1,1,1,1,1,1
GA5401_T,55.864666308936656,-4.236113254625863,1,1,1,1,1,1
GA5401_V,55.86317911110443,-4.236842831861122,1,1,1,1,1,1
GA5401_X,55.86469150190335,-4.236210595725814,1,1,1,1,1,1
GA5451_R,55.86620741391143,-4.233404856342572,1,1,1,1,1,0
GA5451_S,55.86517517190324,-4.235806875413443,1,1,1,1,1,0
GA5451_T,55.86800068330511,-4.234626668100956,1,1,1,1,1,0
GA5451_V,55.866008429698965,-4.234464272463272,1,1,1,1,1,0
GA5451_W,55.86665543833556,-4.2339740005230775,1,1,1,1,1,0
GA5451_X,55.86623434803795,-4.2334064027554765,1,1,1,1,1,0
GA5471_B,55.8661546764245,-4.234824293822307,1,1,1,1,1,1
GA5471_C,55.86402333571597,-4.23687539121088,1,1,1,1,1,1
GA5471_D,55.86542944124785,-4.236157121242562,1,1,1,1,1,1
GA5501_A,55.86888802928426,-4.2357485677687325,1,1,1,1,1,0
GA5501_B,55.86909285285326,-4.232387724714938,1,1,1,1,1,0
GA5501_C,55.868252068197215,-4.23464111025327,1,1,1,1,1,0
GA5501_D,55.86958923585304,-4.23375888472578,1,1,1,1,1,0
GA5551_D,55.85472534545321,-4.240607069305779,1,1,1,1,1,0
GA5601_M,55.86330551733207,-4.239774733158878,1,1,1,1,1,1
GA5601_N,55.86492084776326,-4.236942981117101,1,1,1,1,1,1
GA5601_P,55.86397205902586,-4.237224044030398,1,1,1,1,1,1
GA5701_R,55.85426549730688,-4.239701809631506,1,0,0,0,0,0
GA5701_S,55.85503143465414,-4.24107208254901,1,1,1,1,1,0
GA5701_V,55.85405170356464,-4.24058426302681,1,1,1,1,1,0
GA5751_R,55.86895805277876,-4.237335000772282,1,1,1,1,1,0
GA5751_S,55.86879885806673,-4.234720475861463,1,1,1,1,1,0
GA5751_T,55.86923861751409,-4.238709782908749,1,1,1,1,1,0
GA5751_W,55.869359221835325,-4.236031397951133,1,1,1,1,1,0
GB0051_P,55.85418690885114,-4.268026138841512,1,1,1,1,0,0
GB0051_V,55.85354780122634,-4.264665529742765,1,1,1,1,0,0
GB0051_W,55.853540292555245,-4.264585204313944,1,1,1,0,0,0
GB0101_B,55.853323906720455,-4.263645911890871,1,1,1,1,1,0
GB0101_C,55.85257835327328,-4.265088437277361,1,1,1,1,1,0
GB0121_B,55.85244884232515,-4.265288604058332,1,1,1,1,1,1
GB0121_D,55.85343362638877,-4.265985031341041,1,1,1,1,1,1
GB0141_U,55.851664534750654,-4.265418700971181,1,1,1,1,1,1
GB0141_V,55.85164804867061,-4.265337856755604,1,1,1,1,1,1
GB0151_B,55.85132599025304,-4.264280620445512,1,1,1,1,1,0
GB0151_C,55.85047814554597,-4.265908823667181,1,1,1,1,1,1
GB0151_E,55.85047063763153,-4.265828504370363,1,1,1,1,1,1
GB0151_F,55.8512897849695,-4.26429449092712,1,1,1,1,1,0
GB0151_G,55.851352923874686,-4.2642821873481935,1,1,1,1,1,0
GB0251_S,55.85305107338908,-4.261377216940455,1,1,1,1,1,0
GB0251_T,55.85411643529278,-4.263068870791588,1,1,1,1,1,0
GB0301_A,55.852432488558186,-4.264712471382824,1,1,1,1,1,1
GB0301_D,55.85312123364121,-4.263426415815837,1,1,1,1,1,1
GB0351_S,55.850914451553,-4.26075780107548,1,1,1,1,1,1
GB0351_T,55.85212573722932,-4.263799903239597,1,1,1,1,1,1
GB0401_R,55.85518827784578,-4.261964781256888,1,1,0,0,0,0
GB0401_V,55.85401868549479,-4.260075322569159,1,1,1,1,1,0
GB0401_X,55.85513382354682,-4.2619935727729565,1,1,1,0,0,0
GB0451_B,55.85373689021758,-4.25878073708297,1,1,1,1,0,0
GB0451_F,55.853773094916725,-4.258766860644925,1,1,1,1,0,0
GB0451_G,55.853113857427466,-4.2604062370734415,1,1,1,1,0,0
GB0501_A,55.854900683738606,-4.259519372285603,1,1,1,1,1,1
GB0501_D,0.0,0.0,0,0,0,0,0,0
GB0551_T,55.85462064090356,-4.258128994483621,1,1,1,1,0,0
GB0601_B,55.8522989835089,-4.2558373730905386,1,1,1,1,1,1
GB0601_C,55.85191162903988,-4.259313884868472,1,1,1,1,1,1
GB0601_D,55.85356143504636,-4.258546866124735,1,1,1,1,1,1
GB0651_R,55.85227731317151,-4.263377336086736,1,1,1,1,1,1
GB0651_T,55.852575516520176,-4.258889083216377,1,1,1,1,1,1
GB0651_V,55.851080091861725,-4.259569172106359,1,1,1,1,1,1
GB0701_B,55.85058204577753,-4.25781480106621,1,1,1,1,1,0
GB0701_C,55.848971820132256,-4.260341430150529,1,1,1,1,1,1
GB0701_D,55.85159769553717,-4.25927968434419,1,1,1,1,1,1
GB0751_S,55.848209730275,-4.255344777421482,1,1,1,1,1,1
GB0751_T,55.85049447586942,-4.259647009961127,1,1,1,1,1,1
GB0751_V,55.84708106668321,-4.2610144172166216,1,1,1,1,1,1
GB1101_A,55.85239305726846,-4.2560984608210015,1,1,1,1,1,1
GB1101_B,55.85147429775186,-4.251795373003277,1,1,1,1,1,1
GB1101_C,55.85040383535716,-4.253810369852116,1,1,1,1,1,1
GB1151_S,55.84994934573832,-4.252617792026866,1,1,1,1,1,0
GB1151_V,55.84836332507429,-4.254810508579215,1,1,1,1,1,0
GB1201_A,55.84836128637019,-4.2563919684235225,1,1,1,1,1,0
GB1201_E,55.84687582162568,-4.255059820284952,1,1,1,0,0,0
GB1271_B,55.84525087190711,-4.253000859595266,1,1,1,1,1,1
GB1271_C,55.84533766837599,-4.255130462994988,1,1,1,1,1,0
GB1271_D,55.84790182656032,-4.254000984304182,1,1,1,1,1,1
GB1281_L,55.84495278725721,-4.255044271331268,1,1,1,1,1,0
GB1301_R,55.84814297209657,-4.254574088234247,1,1,1,1,0,0
GB1301_T,55.849495854109286,-4.252351907449826,1,1,1,1,1,0
GB1301_V,55.84730197077243,-4.254365627919512,1,1,1,1,1,0
GB1301_X,55.84817917636792,-4.254560209726458,1,1,1,0,0,0
GB1321_M,55.850391253435,-4.249096617638584,1,1,1,1,1,1
GB1321_N,55.84823488775151,-4.253972343846086,1,1,1,1,1,0
GB1351_A,55.851104386376846,-4.250399980517572,1,1,1,1,1,0
GB1351_B,55.85025619642351,-4.247634971763607,1,1,1,1,1,0
GB1351_C,55.84993067425591,-4.251674117704976,1,1,1,1,1,0
GB1351_D,55.851695525808246,-4.248053605405016,1,1,1,1,1,0
GB1351_F,55.85171231500156,-4.2481184826685405,1,1,1,1,0,0
GB1371_R,55.85163728168428,-4.252220201090998,1,1,1,1,1,1
GB1371_S,55.850719060769606,-4.249355206973023,1,1,1,1,1,1
GB1371_T,55.851862256680434,-4.2507313859770175,1,1,1,1,1,1
GB1371_V,55.85082854749504,-4.251230787940519,1,1,1,1,1,1
GB145A_R,55.85056569480922,-4.24840373546434,1,1,1,1,1,1
GB1551_S,55.84522629257682,-4.24894198294951,1,1,1,1,0,0
GB1551_T,55.84589709395648,-4.250594159531877,1,1,1,1,0,0
GB1601_A,55.84910016918743,-4.244005615223766,1,1,1,1,1,1
GB1601_B,55.84702896941595,-4.2383109678003965,1,1,1,1,1,1
GC0051_D,55.86338219860943,-4.279637561166447,1,1,1,1,1,0
GC0051_E,55.86305638424973,-4.2714997899572005,1,1,1,1,1,1
GC0051_F,55.86232299648128,-4.275196603969022,1,1,1,1,1,1
GC0051_G,55.86387922610635,-4.2756072586916085,1,1,1,1,1,1
GC0101_L,55.86142051523754,-4.280737173579034,1,1,1,1,0,0
GC0101_R,55.86087384652589,-4.282590859455408,1,1,1,1,0,0
GC0101_S,55.86009190011274,-4.279684483253751,1,1,1,1,0,0
GC0101_T,55.86141962736002,-4.280785064533067,1,1,1,1,0,0
GC0101_V,55.8603704074616,-4.282113867822337,1,1,1,1,0,0
GC0101_W,55.86045179946708,-4.282086680666378,1,1,1,1,0,0
GC012A_M,55.86083972337627,-4.281038723099536,1,1,1,1,0,0
GC0151_A,55.86461833542953,-4.283737543619468,1,1,1,1,1,1
GC0151_B,55.863000288949785,-4.275507901491077,1,1,1,1,1,1
GC0151_E,55.86261810821206,-4.2806156035241845,1,1,1,1,1,1
GC0201_C,0.0,0.0,0,0,0,0,0,0
GC0201_D,0.0,0.0,0,0,0,0,0,0
GC0201_G,0.0,0.0,0,0,0,0,0,0
GC0251_R,55.85818298363828,-4.282784557232664,1,1,1,1,0,0
GC0251_T,55.85887487629518,-4.281339013327327,1,1,1,1,0,0
GC0251_W,55.85887546834172,-4.281307088124026,1,1,1,1,0,0
GC0271_A,55.86829456979695,-4.3082808671820265,1,1,1,1,1,1
GC0271_B,55.866103432654064,-4.303387898377829,1,1,1,1,1,1
GC0271_C,55.86611722281032,-4.305050949941555,1,1,1,1,1,0
GC0271_D,55.86612856111743,-4.303005793667014,1,1,1,1,1,1
GC0301_R,55.86803147131897,-4.310327168415186,1,1,1,1,1,0
GC0301_S,55.86699013864882,-4.304511293148272,1,1,1,1,1,0
GC0301_T,55.86898313606474,-4.308945116460712,1,1,1,1,1,0
GC0321_A,55.86803618938978,-4.31198976867953,1,1,1,1,1,1
GC0321_B,55.86807070822496,-4.309194645327121,1,1,1,1,1,1
GC0321_D,55.86846332374294,-4.309345826900188,1,1,1,1,1,0
GC0321_F,55.86806342207265,-4.311975403552451,1,1,1,1,1,1
GC095A_T,55.86504970450376,-4.275979395767575,1,1,1,1,0,0
GC095A_V,55.86318970831961,-4.275471035740416,1,1,1,1,0,0
GC120A_G,55.86510999051393,-4.2853326955192514,1,1,1,1,1,0
GC125A_E,0.0,0.0,0,0,0,0,0,0
GC125A_F,0.0,0.0,0,0,0,0,0,0
GC1301_R,55.86760359018586,-4.290913616788351,1,1,1,1,1,1
GC1301_S,55.86659977957888,-4.287865644847315,1,1,1,1,1,1
GC1301_T,55.86744731675165,-4.288203198759974,1,1,1,1,1,1
GC1301_V,0.0,0.0,0,0,0,0,0,0
GC1351_A,55.86726511374354,-4.290749830596191,1,1,1,1,1,1
GC1351_B,55.86543668629364,-4.2866145197444485,1,1,1,1,1,1
GC1351_C,0.0,0.0,0,0,0,0,0,0
GC1351_D,0.0,0.0,0,0,0,0,0,0
GC1401_E,55.86904232046511,-4.29280457054792,1,1,1,1,1,0
GC1401_F,55.86904291555608,-4.292772637260323,1,1,1,1,1,0
GC1401_G,55.86717461991006,-4.289817463685202,1,1,1,1,1,0
GC1401_H,0.0,0.0,0,0,0,0,0,0
GC152A_C,55.86979901606183,-4.294639442160442,1,1,1,0,0,0
GC152A_D,55.8678885548286,-4.291537781343723,1,1,1,0,0,0
GC155A_A,55.8700565483617,-4.2967326358773645,1,1,1,1,1,1
GC1601_P,55.87125666762471,-4.298402020212851,1,1,1,0,0,0
GC1601_R,55.87088247073179,-4.302072434386384,1,1,1,1,1,0
GC1601_S,55.86992121234773,-4.295797539516268,1,1,1,1,1,0
GC1601_T,55.87020220840413,-4.300481653737905,1,1,1,1,1,0
GC1621_A,55.869187177842605,-4.31052369212537,1,1,1,1,1,1
GC1621_B,55.86924050999107,-4.308161178945728,1,1,1,1,1,1
GC1621_F,55.86922308807458,-4.310525825398453,1,1,1,1,1,1
GC1631_R,55.86875616935264,-4.312416185365758,1,1,1,1,1,1
GC1631_V,55.86865988245911,-4.310844018539943,1,1,1,1,1,0
GC1631_W,55.869196393525584,-4.3119468443932005,1,1,1,1,1,1
GC1631_X,55.86866138186297,-4.310764187114153,1,1,1,1,1,0
GC168A_R,55.8708600580305,-4.3085450258327445,1,1,1,1,1,1
GC168A_S,55.870822928351394,-4.302372624106607,1,1,1,1,1,1
GC1701_A,55.87081055174789,-4.312138708521611,1,1,1,1,1,1
GC1701_B,55.87079005851312,-4.305088119322359,1,1,1,1,1,1
GC1751_P,55.87165708971644,-4.313004289669034,1,1,1,1,1,1
GC1751_R,55.87077859510145,-4.315749415387564,1,1,1,1,1,1
GC1751_S,55.87071038176413,-4.310294484557788,1,1,1,1,1,1
GC1751_T,55.86997113893839,-4.3123285757376895,1,1,1,1,1,1
GC180A_A,55.87075887171979,-4.318705464334025,1,1,1,1,1,1
GC180A_B,55.87066625841282,-4.313121196092941,1,1,1,1,1,1
GC185A_R,55.87071894456725,-4.319869987669575,1,1,1,1,1,1
GC185A_S,55.87068938178264,-4.316191682113261,1,1,1,1,1,1
GC2151_A,55.87691369909732,-4.3420466351747615,1,1,1,1,1,0
GC2151_B,55.87605524464404,-4.3385097040377625,1,1,1,1,1,0
GC2151_D,55.87609079630776,-4.340893946636147,1,1,1,1,1,0
GC2151_E,55.87025833717289,-4.338976362174559,1,0,0,0,0,0
GC2151_F,55.876350024089206,-4.339550625130312,1,1,1,1,1,0
GC2331_A,55.8826699936794,-4.3512518943045935,1,1,1,1,1,1
GC2331_B,55.88331230879317,-4.350091473069663,1,1,1,1,1,1
GC2331_C,55.88220783548229,-4.349097292657027,1,1,1,1,1,1
GC2331_D,55.88167173196596,-4.350344066845672,1,1,1,1,1,1
GC237A_A,55.886702430242174,-4.374811788958645,1,1,0,0,0,0
GC237A_B,55.884925211348325,-4.370961299310234,1,1,1,0,0,0
GC2381_R,55.88791083146969,-4.37786019327798,1,1,0,0,0,0
GC2381_S,55.88563301564599,-4.372475677796264,1,1,0,0,0,0
GC2381_T,55.88630723491306,-4.376194906434908,1,1,0,0,0,0
GC2401_A,55.88850586107432,-4.379160010637965,1,1,1,0,0,0
GC2401_B,55.88685850551981,-4.375572942718618,1,1,0,0,0,0
GC2401_C,55.888822120134975,-4.377212271374398,1,1,0,0,0,0
GC2411_M,55.889992758957774,-4.382673577423567,1,1,1,0,0,0
GC2411_N,55.88811208175761,-4.378608156128064,1,1,1,0,0,0
GC2411_P,55.88872223765616,-4.3791252786604975,1,0,0,0,0,0
GC242A_R,55.89122478260522,-4.386811516063275,1,1,1,0,0,0
GC242A_S,55.888833726995,-4.380331555603812,1,1,0,0,0,0
GC4051_A,55.85899459169435,-4.284573995247212,1,1,1,1,1,0
GC4051_B,55.85784134625754,-4.281821721768201,1,1,1,1,1,1
GC4051_D,55.85928052163244,-4.2836958962327385,1,1,1,1,1,1
GC4051_F,55.859014029368296,-4.284495236395233,1,1,1,1,1,0
GC4101_S,0.0,0.0,0,0,0,0,0,0
GC4101_V,55.85909503978085,-4.284004610925713,1,1,1,1,1,1
GC4101_Y,0.0,0.0,0,0,0,0,0,0
GC4151_A,55.8608948225885,-4.284365958508686,1,1,1,1,1,1
GC4151_C,55.859867334386,-4.283554554728458,1,1,1,1,1,1
GC4151_E,55.85985056415024,-4.283489648996855,1,1,1,1,1,1
GD005A_R,55.87304240165911,-4.274368998804782,1,1,1,1,1,1
GD005A_S,55.87180550766946,-4.270779911528607,1,1,1,1,1,1
GD0101_A,55.87416484301112,-4.2778237245545965,1,1,1,1,1,1
GD0101_B,55.8721969676349,-4.271969702264024,1,1,1,1,1,1
GD0101_D,55.8736668861042,-4.274133759536267,1,1,1,1,1,0
GD0151_R,55.87491199724329,-4.280185538575759,1,1,1,1,1,1
GD0151_S,55.87319160263548,-4.27504912890747,1,1,1,1,1,1
GD0151_V,55.87367423847815,-4.278594289193398,1,1,1,1,1,0
GD0201_R,55.87648044190998,-4.2852655195573135,1,1,1,1,1,1
GD0201_S,55.87499437569618,-4.280590033554849,1,1,1,1,1,0
GD0201_V,55.87507288697377,-4.28265691173234,1,1,1,1,1,1
GD025A_A,55.87709872290631,-4.287300291458498,1,1,1,1,0,0
GD025A_B,55.875622009411785,-4.2826092123711526,1,1,1,1,1,1
GD030A_R,55.877657988367645,-4.289123814393541,1,1,1,1,1,1
GD030A_S,55.87650292585933,-4.285506649293601,1,1,1,1,1,1
GD0351_A,55.88038589643985,-4.297071000505625,1,1,1,1,1,1
GD0351_B,55.87708647961258,-4.287475433401904,1,1,1,1,1,0
GD0351_C,55.87763034911215,-4.2906090435634265,1,1,1,1,1,1
GD0351_D,55.87817351206875,-4.28846668502478,1,1,1,1,1,1
GD0351_G,55.87780734068743,-4.289308472865891,1,1,1,1,1,1
GD0451_R,55.882430960527095,-4.303060067155716,1,1,1,1,1,1
GD0451_S,55.87811514332719,-4.290637604140634,1,1,1,1,1,1
GD0451_T,55.88091017635168,-4.29691010878463,1,1,1,1,1,1
GD0451_V,55.87998107180539,-4.298054370231712,1,1,1,1,1,1
GD0501_B,55.8805355663702,-4.297719400881514,1,1,1,1,1,1
GD0501_C,55.88197371799365,-4.303960372769122,1,1,1,1,1,1
GD0501_D,55.88312252289256,-4.302605347861737,1,1,1,1,1,1
GD0501_H,55.88214758135558,-4.303794791072266,1,1,1,1,0,0
GD0551_R,55.887442307421104,-4.317141955586773,1,1,1,1,1,1
GD0551_S,55.88255516063674,-4.3036270676697965,1,1,1,1,1,1
GD0551_V,55.88429044796934,-4.310302004478084,1,1,1,1,1,1
GD0551_W,55.88430750342296,-4.310350989754637,1,1,1,1,1,1
GD0551_X,55.884467318034496,-4.30997671398386,1,1,0,0,0,0
GD0601_A,55.88852014228608,-4.320516622166707,1,1,1,1,1,1
GD0601_B,55.884767157038745,-4.310282365350108,1,1,1,1,1,1
GD0601_D,55.888167123099365,-4.316833340566485,1,1,1,1,1,1
GD0651_R,55.889221037722,-4.3224296057104965,1,1,1,1,1,1
GD0651_S,55.88753559795142,-4.317915128219076,1,1,1,1,1,1
GD0671_A,55.8899446109026,-4.324567916711989,1,1,1,1,1,1
GD0671_B,55.8886765548836,-4.321277602793381,1,1,1,1,1,1
GD0801_A,55.86921845642286,-4.2741134191198125,1,1,1,1,1,1
GD0801_C,55.868566619212544,-4.273883500913412,1,1,1,1,1,1
GD0971_B,55.871495390603954,-4.2971692818309455,1,1,1,1,1,0
GD0971_D,55.87383240733948,-4.295229131077177,1,1,1,1,1,0
GD1001_R,55.87357102993738,-4.293822917490491,1,1,1,1,1,1
GD1001_S,55.8742736193271,-4.296629998721927,1,1,1,1,1,1
GD1001_T,55.874787227512144,-4.2941504432043365,1,1,1,1,1,1
GD1151_R,55.87760853259431,-4.306211782415832,1,1,1,1,1,1
GD1151_S,55.876290924256345,-4.306021723179857,1,1,1,1,1,1
GD1351_Q,55.87685428619535,-4.325751724832818,1,1,1,1,1,1
GD1351_R,55.87582246002378,-4.327560500529652,1,1,1,1,1,1
GD1351_U,55.876522614189504,-4.328082034223077,1,1,1,1,1,1
GD1351_Y,55.8776052934619,-4.326436161045956,1,1,1,1,1,1
GD138B_P,0.0,0.0,0,0,0,0,0,0
GD1401_N,0.0,0.0,0,0,0,0,0,0
GD1431_L,0.0,0.0,0,0,0,0,0,0
GD1451_D,0.0,0.0,0,0,0,0,0,0
GD1451_F,55.88337934350125,-4.328124888674801,1,1,1,1,1,1
GD1501_A,55.88618766370234,-4.325526587324271,1,1,1,1,1,1
GD200A_R,55.87270699317352,-4.269170047463331,1,1,1,1,1,1
GD200A_S,55.87014169388682,-4.268892500320477,1,1,1,1,1,1
GD205A_A,55.874585837054674,-4.270606551552079,1,1,1,1,1,1
GD205A_B,55.87153148859795,-4.269069490114702,1,1,1,1,1,1
GD207A_R,55.877125804987536,-4.271282457662192,1,1,1,0,0,0
GD207A_S,55.87315661476877,-4.269643884686837,1,1,1,0,0,0
GD210A_A,55.87974627266463,-4.271979149355079,1,1,1,1,1,1
GD210A_B,55.8749758501997,-4.270901095855713,1,1,0,0,0,0
GD2151_P,55.87958456480349,-4.270514752531913,1,1,1,1,1,1
GD2151_R,55.88080935563527,-4.274759395090714,1,1,1,1,1,1
GD2151_S,55.87740955674705,-4.271490883106496,1,1,1,1,1,1
GD217A_A,55.882174875038615,-4.2786767807571655,1,1,1,1,1,1
GD217A_B,55.88017527180127,-4.2725958001697615,1,1,1,1,1,1
GD2251_R,55.88412038865245,-4.280389856662116,1,1,1,1,1,1
GD2251_S,55.88073133287157,-4.275090597183299,1,1,1,1,1,1
GD2301_A,55.885613821988585,-4.282732194797251,1,1,1,1,1,1
GD2301_B,55.88236439894815,-4.279119609067036,1,1,1,1,1,1
GD2301_C,55.88361555278639,-4.281927274564639,1,1,1,1,1,1
GD2301_D,55.88466102483654,-4.279829922075051,1,1,1,1,1,1
GD237A_R,55.88655733120668,-4.2841948444914815,1,1,1,0,0,0
GD237A_S,55.88448472347189,-4.281098820818078,1,1,1,1,1,1
GD2451_A,55.89013117786499,-4.289202741229508,1,1,1,1,1,0
GD2451_B,55.88573447251275,-4.28301112738691,1,1,1,1,1,0
GD2451_D,55.88747877238703,-4.284424905031582,1,1,1,1,1,0
GD255A_R,55.891994550995214,-4.293870688907533,1,1,1,1,0,0
GD255A_S,55.888338047501705,-4.28703414460273,1,1,1,1,0,0
GD260A_A,55.89347400383256,-4.296948945976821,1,1,0,0,0,0
GD260A_B,55.89110456999436,-4.290987350024925,1,1,0,0,0,0
GD2651_R,55.89603780637853,-4.298748022864334,1,1,1,1,1,0
GD2651_S,55.892336084155815,-4.2948344817194695,1,1,1,1,1,0
GD2651_T,55.89398944745,-4.299186651381308,1,1,1,1,1,0
GD2701_A,55.89918876489169,-4.302309747084052,1,1,1,1,1,0
GD2701_B,55.89515227975689,-4.298039841472587,1,1,1,1,1,0
GD2701_D,55.89713453859071,-4.298253058641951,1,1,1,1,1,0
GD2721_R,55.89993901935972,-4.304481802485215,1,1,1,1,0,0
GD2721_S,55.896706970909776,-4.2994914192201605,1,1,1,1,1,0
GD3051_A,55.87448677832708,-4.261344692885372,1,1,1,0,0,0
GD3051_B,55.87058903731912,-4.260702458972916,1,1,1,1,1,0
GD3051_C,55.87400206533204,-4.2632668103669165,1,1,1,1,1,0
GD3051_D,55.87535138583236,-4.263201464339122,1,1,1,1,1,0
GD3051_E,55.87716961150117,-4.258159352749196,1,1,1,1,1,0
GD310A_R,55.87793080341981,-4.254878120936004,1,1,1,1,1,0
GE0101_A,55.88114068661429,-4.254312806621951,1,1,1,1,1,1
GE0101_B,55.87739374588589,-4.252304970388122,1,1,1,1,1,1
GE0101_C,55.877159582500326,-4.254785434732858,1,1,1,1,1,1
GE0101_D,55.87730633113924,-4.258055380771955,1,1,1,1,1,0
GE0271_A,55.88648291122148,-4.2570532922693145,1,1,1,1,1,1
GE0271_C,55.883833760791816,-4.254484968476632,1,1,1,1,1,1
GE0271_D,55.88512117954029,-4.258285456936139,1,1,1,1,1,1
GE0301_R,55.89068099986828,-4.258960363041584,1,1,1,1,1,1
GE0301_S,55.88656460129158,-4.255538867901007,1,1,1,1,1,1
GE0301_T,55.88537610015536,-4.256637228256721,1,1,1,1,1,1
GE0301_V,55.88657812112334,-4.258721911218952,1,1,1,1,1,1
GE032A_A,55.89326316188427,-4.260278028326104,1,1,1,1,1,0
GE032A_B,55.8868008405632,-4.257359597955107,1,1,1,1,1,0
GE0351_R,55.89565685090712,-4.2635362950810665,1,1,1,1,1,0
GE0351_S,55.89335727794162,-4.259067954748839,1,1,1,1,1,0
GE0351_T,55.890819366914215,-4.2592562798354185,1,1,1,1,1,0
GE052A_A,55.89742773704474,-4.265958846499681,1,1,1,1,1,1
GE052A_B,55.89355473559768,-4.260550894134558,1,1,1,1,1,1
GE0551_R,55.89864459845293,-4.2662537651638885,1,1,1,1,1,0
GE0551_S,55.89565126752435,-4.26383987505431,1,1,1,1,1,0
GE1801_A,55.87440637892156,-4.234259386476436,1,1,1,1,0,0
GE1801_C,55.87373507358611,-4.2331177927657695,1,1,1,1,0,0
GE1801_F,55.874897302108366,-4.232465148861084,1,1,1,1,0,0
GE1801_G,55.87490541091073,-4.232513573425408,1,1,1,1,0,0
GE1851_S,55.87502184009652,-4.2315450876606615,1,1,1,1,0,0
GE1851_T,55.87708157507253,-4.231951065226712,1,1,1,1,0,0
GE1851_V,55.87454049421858,-4.232812347604814,1,1,1,1,0,0
GE1851_W,55.874985927933885,-4.231543026815197,1,1,1,1,0,0
GE1901_B,55.87714992481204,-4.231155625185907,1,1,1,1,1,0
GE1901_C,55.87534504484697,-4.232554799895341,1,1,1,1,1,0
GE1901_D,55.87994583916944,-4.233586425803779,1,1,1,1,1,0
GE1901_G,55.877131389570856,-4.2311865361441,1,1,1,1,1,0
GE2151_R,55.879926106576825,-4.235168145841165,1,1,1,1,1,1
GE2151_S,55.88023980974729,-4.2327399328484185,1,1,1,1,1,0
GE2151_T,55.8808914206466,-4.233976515263664,1,1,1,1,1,1
GE2151_V,55.877515125169154,-4.232327674886967,1,1,1,1,1,1
GE222A_A,55.88207597003312,-4.231102552495218,1,1,1,1,1,0
GE222A_B,55.882067559432144,-4.229583087695047,1,1,1,1,1,1
GE2291_R,55.88221237590282,-4.23051877497822,1,1,0,0,0,0
GE2291_S,55.88488864819818,-4.227650145493303,1,1,0,0,0,0
GE2291_V,55.88286215461565,-4.225903082023201,1,1,0,0,0,0
GE2291_W,55.88283522042489,-4.225901539840345,1,1,0,0,0,0
GE2301_A,55.88504044104503,-4.229193932397409,1,1,1,1,1,1
GE2301_C,55.8831703382426,-4.226752193615476,1,1,1,1,1,0
GE2301_D,55.88583716324757,-4.22887183400066,1,1,1,1,1,1
GF0251_R,55.87857876835941,-4.195185168972769,1,1,1,1,0,0
GF0251_T,55.87793545508411,-4.193965779086144,1,1,1,1,0,0
GF0301_B,55.8794753658421,-4.191270748509423,1,1,1,1,0,0
GF0301_C,55.87920694484322,-4.189688801744092,1,1,1,1,0,0
GF0301_D,55.878108514077454,-4.190810017915082,1,1,1,1,0,0
GF205A_T,55.86910271981327,-4.190334708816686,1,1,1,1,0,0
GF205A_V,55.86480754554235,-4.196341847220005,1,1,1,1,1,0
GF210A_C,55.86768309263532,-4.192332587450766,1,1,1,1,1,1
GF210A_D,55.87168697809885,-4.187027519271619,1,1,1,1,1,1
GF215A_T,55.872800026631786,-4.185587493418333,1,1,1,1,1,1
GF215A_V,55.86926518195565,-4.190295905938847,1,1,1,1,0,0
GF2201_C,55.87217975382799,-4.186607648660339,1,1,1,1,1,0
GF2201_D,55.87402278298977,-4.18404164750885,1,1,1,1,1,0
GF2201_F,55.87284199232735,-4.184742630340509,1,1,1,1,1,0
GF2201_G,55.87216264853542,-4.186558731835579,1,1,1,1,1,0
GF2201_H,55.87399726525847,-4.183960285501168,1,1,1,1,1,0
GF2251_P,55.87499045813868,-4.184207898144596,1,1,1,1,1,0
GF2251_R,55.8737446349072,-4.183002943328146,1,1,1,1,1,0
GF2251_S,55.87426793222835,-4.185925765345783,1,1,1,1,1,0
GF2251_T,55.87543253460708,-4.181578991801759,1,1,1,1,1,0
GF2251_V,55.87315557027996,-4.185303751187315,1,1,1,1,1,0
GF2251_X,55.87423249854093,-4.184884691184675,1,1,1,1,1,0
GG0021_A,55.86627401191743,-4.234191837483145,1,1,1,1,1,0
GG0021_B,55.86542163382194,-4.227669993143565,1,1,1,1,1,0
GG0021_C,55.86537274202821,-4.229872766495637,1,1,1,1,1,0
GG012A_R,55.863287109702064,-4.213979452532824,1,1,1,1,0,0
GG012A_S,55.863645191553246,-4.217052326028468,1,1,1,1,0,0
GG015A_A,55.8634944533064,-4.215941005830022,1,1,1,1,1,1
GG015A_B,55.86308223677448,-4.211378805438201,1,1,1,1,1,1
GG0171_R,55.86286221842705,-4.208617514574572,1,1,1,1,1,1
GG0171_S,55.86330326982864,-4.213580834591029,1,1,1,1,1,1
GG0171_T,55.86378216492892,-4.210939140345901,1,1,1,1,1,1
GG0251_A,55.86306993480468,-4.210563054956653,1,1,1,1,1,1
GG0251_C,55.86247128334951,-4.208867001010496,1,1,1,1,1,1
GG0251_Y,55.86252738679095,-4.2042356510590215,1,1,1,1,0,0
GG030A_R,55.86220565850669,-4.199614893790553,1,1,1,1,1,1
GG030A_S,55.862853049495286,-4.207626153701408,1,1,1,1,1,1
GG0351_B,55.86222293174097,-4.1981456183215125,1,1,1,1,1,1
GG0351_D,55.86303139491065,-4.198670736687007,1,1,1,1,1,1
GG0351_H,55.862496231624114,-4.199950944298692,1,1,1,1,0,0
GG0351_Z,55.86253825473829,-4.20362898309378,1,1,1,1,0,0
GG0401_S,55.86413187781811,-4.198445259570634,1,1,1,1,1,1
GG0401_T,55.86483904043623,-4.196087912321555,1,1,1,1,1,1
GG0401_V,55.862871060236,-4.1990931697624605,1,1,1,1,1,1
GG050A_C,55.863672710414725,-4.197987809071236,1,1,1,1,1,0
GG050A_D,55.86752034537757,-4.192387347515772,1,1,1,1,1,0
GG0951_A,0.0,0.0,0,0,0,0,0,0
GG0951_B,55.85842716676813,-4.12882070743387,1,1,1,1,1,1
GG0951_C,55.85847411084964,-4.131300050376075,1,1,1,1,1,1
GG0951_D,55.85904972184044,-4.1307563185370615,1,1,1,1,1,1
GG1101_R,55.86655956269572,-4.155205423438159,1,1,1,1,0,0
GG1101_S,55.86903424670744,-4.155022867360321,1,1,1,1,0,0
GG1101_T,55.86881911962045,-4.1565293850707015,1,1,1,1,0,0
GG1201_A,55.87393663528762,-4.158363765317664,1,1,1,1,1,0
GG1201_B,55.874099134795415,-4.1608825433328365,1,1,1,1,1,0
GG1551_A,0.0,0.0,0,0,0,0,0,0
GG1551_B,0.0,0.0,0,0,0,0,0,0
GG1551_C,0.0,0.0,0,0,0,0,0,0
GG1551_D,0.0,0.0,0,0,0,0,0,0
GG1551_E,0.0,0.0,0,0,0,0,0,0
GG1551_F,0.0,0.0,0,0,0,0,0,0
GG1601_R,0.0,0.0,0,0,0,0,0,0
GG1601_S,0.0,0.0,0,0,0,0,0,0
GG1601_T,0.0,0.0,0,0,0,0,0,0
GG1751_B,0.0,0.0,0,0,0,0,0,0
GG1751_C,0.0,0.0,0,0,0,0,0,0
GG2001_R,55.859711320099954,-4.235285158085663,1,1,1,1,1,1
GG2001_S,55.86031961779896,-4.239395099723101,1,1,1,1,1,1
GG2001_V,55.85952965663585,-4.2373681074853655,1,1,1,1,1,1
GG2021_A,55.85997250372565,-4.236738383105386,1,1,1,1,1,1
GG2021_B,55.8595621956346,-4.234094067366224,1,1,1,1,1,0
GG2021_C,55.859329614891465,-4.235023530458967,1,1,1,1,1,1
GG2051_R,55.8590041153222,-4.230178930108884,1,1,1,1,1,1
GG2051_S,55.85966355386908,-4.234451449152272,1,1,1,1,1,0
GG2051_T,55.860087560609024,-4.233868549025575,1,1,1,1,1,1
GG2051_W,55.86008843021875,-4.233820658163293,1,1,1,1,1,1
GG210A_A,55.85952137074835,-4.23337262195153,1,1,1,1,0,0
GG210A_B,55.85824308841949,-4.224558473994201,1,1,1,1,0,0
GG2151_R,55.85833640316464,-4.221383888355596,1,1,1,1,1,1
GG2151_S,55.85901250678635,-4.229715996716747,1,1,1,1,1,1
GG2151_T,55.85870411586409,-4.223913685680131,1,1,0,0,0,0
GG2151_V,55.85774784916511,-4.224610058030883,1,1,1,1,1,0
GG220A_A,55.85829285413425,-4.223794303736367,1,1,1,1,1,1
GG220A_B,55.85840626356214,-4.21900692850426,1,1,1,1,1,1
GG225A_R,55.85845604619944,-4.216245309231471,1,1,1,1,0,0
GG225A_S,55.858370254907406,-4.2210023127422,1,1,1,1,1,1
GG230A_A,55.858439820063495,-4.218641313056552,1,1,1,1,1,1
GG230A_B,55.85834394575739,-4.213985818952678,1,1,1,1,1,1
GG2351_R,55.85800309843438,-4.207446865590776,1,1,1,1,1,1
GG2351_S,55.85846352262974,-4.215830267433828,1,1,1,1,1,1
GG2351_T,55.85897161851685,-4.212567378331872,1,1,1,1,1,1
GG2351_V,55.85767288099623,-4.213819803951635,1,1,1,1,1,1
GG240A_A,55.8583431459003,-4.2125316422521255,1,1,1,1,1,0
GG240A_B,55.85797950054643,-4.206758417445717,1,1,1,0,0,0
GG2571_R,55.85504130964139,-4.198187342342337,1,1,1,1,1,1
GG2571_S,55.8561394699883,-4.200102880012501,1,1,1,1,1,1
GG2571_V,55.855705658667326,-4.200238137555074,1,1,1,1,1,0
GG2571_W,55.8557328789401,-4.2002236982191405,1,1,1,1,1,0
GG2581_A,55.855326467007686,-4.198826597978703,1,1,1,1,1,1
GG2581_B,55.85466551443288,-4.196584304821799,1,1,1,1,1,0
GG2581_C,55.853524984281606,-4.1975424875028144,1,1,1,1,1,1
GG2581_F,55.85463829456522,-4.1965987463374566,1,1,1,1,1,0
GG2601_R,55.8524935915326,-4.180756369159921,1,1,1,0,0,0
GG2601_T,55.8531123121091,-4.186910304486552,1,1,1,0,0,0
GG2601_V,55.85299424184458,-4.181918798513778,1,1,1,0,0,0
GG2601_W,55.8525504649505,-4.186159770507467,1,1,1,1,1,0
GG2621_A,55.85331727771885,-4.179412499996447,1,1,1,1,1,1
GG2621_B,55.85442652637147,-4.1761512534310645,1,0,0,0,0,0
GG2621_C,55.85350546177588,-4.177921168080993,1,1,1,1,1,1
GG2621_D,55.85273253541617,-4.177414582470759,1,1,1,1,1,1
GG267A_A,55.85274381385316,-4.182863381641116,1,1,1,1,1,1
GG267A_B,55.85223752966005,-4.177962054873924,1,1,1,1,1,1
GG268A_R,55.85196993798632,-4.174799670989969,1,1,1,1,1,1
GG268A_S,55.85251748999136,-4.180422192440884,1,1,1,1,1,1
GG2701_A,55.8522468542111,-4.177435341630183,1,1,1,1,1,1
GG2701_B,55.85185223546664,-4.173323243039063,1,1,1,1,1,1
GG2701_D,55.851336138497416,-4.174556563429402,1,1,1,1,1,1
GG272A_R,55.85167462114243,-4.169638716612222,1,1,1,1,1,1
GG272A_S,55.8519806595336,-4.1741931555768685,1,1,1,1,1,1
GG2751_A,55.851832996130206,-4.171868295482324,1,1,1,1,1,0
GG2751_B,55.8515793732095,-4.166374199723624,1,1,1,1,1,0
GG2751_D,55.85075040392315,-4.169555246772373,1,1,1,1,1,0
GG280A_R,55.85149217700777,-4.162646831811529,1,1,1,1,1,1
GG280A_S,55.85165481948635,-4.167193202219627,1,1,1,1,1,1
GG2951_R,55.85116692958421,-4.1586506592322126,1,1,1,1,1,1
GG2951_S,55.85162404723602,-4.161791427816562,1,1,1,1,1,1
GG2951_T,55.85210017089207,-4.1602681335328615,1,1,1,1,1,1
GG2951_V,55.85064453205173,-4.160251248831599,1,1,1,1,1,1
GG3001_A,55.85160996262818,-4.166168207640782,1,1,1,1,1,1
GG3001_B,55.85143661073307,-4.16069462066558,1,1,1,1,1,1
GG3001_C,55.85205108650491,-4.163061327514063,1,1,1,0,0,0
GH002A_R,55.855321608361095,-4.235991707786897,1,1,1,1,1,0
GH002A_S,55.85560650193221,-4.238117230640115,1,1,1,1,1,0
GH0101_A,55.85550699715153,-4.234692132089879,1,1,1,1,1,1
GH0101_B,55.8553725328301,-4.226743188856404,1,1,1,1,1,1
GH0151_R,55.85494196291612,-4.223219345230364,1,1,1,1,1,1
GH0151_S,55.85584182157922,-4.232090882667706,1,1,1,1,1,1
GH0151_T,55.856310252505104,-4.225582466887582,1,1,1,1,1,1
GH0151_V,55.85449501138106,-4.227060471207544,1,1,1,1,1,1
GH020A_A,55.85539015389372,-4.225769520669405,1,1,1,1,1,1
GH020A_B,55.854375482782494,-4.217259197086495,1,1,1,1,1,1
GH025A_R,55.8541873289021,-4.215730589212412,1,1,1,1,0,0
GH025A_S,55.85495988275704,-4.222725047464426,1,1,1,1,1,1
GH0301_A,55.8544093214602,-4.216877656291876,1,1,1,1,1,1
GH0301_B,55.85395993651709,-4.213384903351408,1,1,1,1,1,1
GH0301_C,55.85519734682786,-4.21454179747309,1,1,1,1,1,1
GH0301_D,55.852927156451976,-4.215339300424897,1,1,1,1,1,1
GH0401_S,55.85274059470873,-4.217213987754439,1,1,1,1,1,1
GH0401_T,55.853901972782175,-4.215107192260501,1,1,1,1,1,1
GH0401_V,55.849036576894754,-4.216284093591336,1,1,1,1,1,0
GH050A_R,55.853782434331,-4.211761071938861,1,1,1,1,0,0
GH050A_S,55.85421786382005,-4.2145339944393285,1,1,1,1,1,1
GH090A_T,55.85465681752957,-4.197574442828111,1,1,0,0,0,0
GH090A_V,55.85159465405261,-4.197433498344158,1,1,1,0,0,0
GH1001_A,55.85372297155631,-4.2095687674930335,1,1,1,1,1,1
GH1001_B,55.85295590290568,-4.20323019248114,1,1,1,1,1,1
GH1001_C,55.853719920746975,-4.208737761770545,1,1,1,1,1,1
GH1001_D,55.848700802625466,-4.209970627469236,1,1,1,1,1,0
GH1001_E,55.85407254814759,-4.209620570161431,1,1,1,1,1,1
GH1021_R,55.85148049354853,-4.198289788630956,1,1,1,1,1,1
GH1021_S,55.85346117681849,-4.208131912098142,1,1,1,1,1,1
GH1051_A,55.852870861804426,-4.2024584739438815,1,1,1,1,1,1
GH1051_B,55.85071378391255,-4.195929927553063,1,1,1,1,1,1
GH1051_C,55.85139570270908,-4.195489104259732,1,1,1,1,1,1
GH1051_D,55.85084602398106,-4.198589457521476,1,1,1,1,1,1
GH1051_E,55.852009080594605,-4.197377012328944,1,1,1,1,1,1
GH195A_A,55.854617352151365,-4.240121510355179,1,1,1,1,0,0
GH195A_B,55.85355752297622,-4.237120627922957,1,1,1,1,0,0
GH2001_R,55.85318481748708,-4.236364241833087,1,1,1,1,1,0
GH2151_A,55.84905477309007,-4.21826611210977,1,1,1,1,1,0
GH2151_B,55.84836029273144,-4.210414580717567,1,1,1,1,1,0
GH2151_C,55.852496779068176,-4.215282848994788,1,1,1,1,1,0
GH2151_D,55.84794504187706,-4.216509500488971,1,1,1,1,1,0
GH2201_R,55.848039354757226,-4.205763545115844,1,1,1,1,1,0
GH2201_S,55.84890183931829,-4.215781178523725,1,1,1,1,1,0
GH2201_T,55.85320176370468,-4.208564559188951,1,1,1,1,1,0
GH2201_V,55.84687343902489,-4.2106336740540415,1,1,1,1,1,0
GH2621_A,55.84506471201471,-4.194700764034135,1,1,1,1,1,0
GH2621_C,55.84691994870115,-4.198511488925708,1,1,0,0,0,0
GH2621_D,55.84689244336365,-4.198541884949085,1,1,0,0,0,0
GH2671_R,55.84601770177102,-4.19518579622288,1,1,1,1,1,0
GH2671_S,55.845579052699534,-4.195592363977341,1,1,1,1,1,0
GH2701_D,55.84080770040453,-4.183424044457551,1,1,1,1,0,0
GH2701_E,55.84025378111959,-4.180198601532704,1,1,1,1,0,0
GH2701_G,55.83933982075649,-4.179029422594229,1,1,1,1,0,0
GH3051_A,55.846989886888544,-4.237989222564448,1,1,1,1,1,1
GH3051_B,55.845909456720285,-4.230674713066676,1,1,1,1,1,1
GH3051_C,55.845929438724525,-4.230564036997177,1,1,1,1,1,0
GH3051_D,55.84753275389719,-4.230863584142065,1,1,1,1,1,1
GH3101_R,55.84329468844518,-4.226675321589251,1,1,1,1,1,1
GH3101_S,55.8427424725754,-4.228879976040038,1,1,1,1,1,1
GH3101_T,55.84114261089801,-4.222926502747639,1,0,0,0,0,0
GH3101_V,55.84127463413429,-4.227054945785894,1,1,1,1,1,1
GH312A_D,55.84219933396287,-4.226117518705436,1,1,1,1,1,1
GH3171_C,55.84266588160131,-4.225665001800007,1,1,1,1,1,1
GH3171_D,55.84259947208695,-4.217898311294728,1,1,1,1,1,1
GH3171_G,55.84221842482708,-4.221582310806617,1,1,1,1,1,1
GH320A_A,55.84598315054711,-4.221637402893596,1,1,1,1,0,0
GH320A_B,55.84468262121775,-4.219997746293337,1,1,1,1,1,0
GH3251_R,55.842985821186886,-4.217904346725376,1,1,1,1,1,1
GH3251_S,55.84553564029381,-4.221036792088657,1,1,1,1,1,0
GH3251_T,55.84497845543786,-4.218545007927128,1,1,1,1,1,1
GH3251_V,55.844299489832,-4.220311347341404,1,1,1,1,1,1
GH3251_W,55.8449700529393,-4.218512581110471,1,1,1,1,1,1
GH3271_K,55.84435066683066,-4.2194676575383765,1,1,1,1,1,1
GH3271_L,55.84129214560155,-4.21563561334397,1,1,1,1,1,1
GH3271_M,55.84277914808276,-4.221885848382062,1,1,1,1,1,1
GH3271_N,55.84364931674229,-4.215498207190404,1,1,1,1,1,1
GH3301_A,55.842497715633286,-4.217061920095516,1,1,1,1,1,1
GH3301_B,55.84057195523496,-4.214205053485609,1,1,1,1,1,1
GH3301_D,55.8413901201204,-4.214187690112489,1,1,1,1,1,1
GH335A_R,55.83881375755194,-4.211022589524935,1,1,1,1,1,1
GH335A_S,55.84104155001839,-4.215078293057689,1,1,1,1,1,1
GH337A_B,55.8385420294429,-4.2106398204520765,1,1,1,1,1,0
GH340A_T,55.8460475299276,-4.211081980693288,1,1,1,1,1,1
GH340A_V,55.84332272655367,-4.201151593530143,1,0,0,0,0,0
GH3451_K,55.84659307053544,-4.212231190582133,1,1,1,1,1,1
GH3451_L,55.84621355099072,-4.209845401462103,1,1,1,1,1,1
GH3451_M,55.84394006774664,-4.215323069961597,1,1,1,1,1,1
GH3451_N,55.84809372487405,-4.2097444589150586,1,1,1,1,1,1
GH4501_G,55.83482311880788,-4.1696580363248446,1,1,1,1,0,0
GH4502_C,55.83510022999535,-4.171270449308887,1,1,1,1,0,0
GH4502_H,55.83512575699532,-4.171351721292332,1,1,1,1,0,0
GH4521_E,55.83637722366697,-4.173769128718612,1,1,1,1,0,0
GH4551_J,55.836242148588425,-4.171749340065711,1,1,1,1,0,0
GH4551_K,55.83669911017722,-4.168772386102224,1,1,1,1,0,0
GH4601_F,55.83846655153768,-4.172001162280879,1,1,1,1,0,0
GH4601_H,55.83710274304039,-4.170855068478357,1,1,1,1,0,0
GI0051_A,55.84547666181457,-4.249994777733375,1,1,1,1,0,0
GI0051_B,55.84477933504271,-4.247334733805425,1,1,1,1,0,0
GI0051_C,55.844653968669405,-4.249276322847241,1,1,1,1,0,0
GI0251_B,55.837271926959545,-4.229221661096009,0,0,0,0,0,0
GI0251_D,55.840116802381154,-4.228458150741884,0,0,0,0,0,0
GI0301_S,55.84096758985507,-4.132306279140036,1,0,0,0,0,0
GI0301_T,55.841067559574086,-4.227075046581708,1,1,1,1,1,1
GI0301_V,55.84075769993984,-4.2278080216677365,1,1,1,1,1,0
GI0401_R,0.0,0.0,0,0,0,0,0,0
GI0401_S,55.83809708374128,-4.2317923509281465,1,1,1,1,1,0
GI0551_A,0.0,0.0,0,0,0,0,0,0
GI0551_C,0.0,0.0,0,0,0,0,0,0
GI0551_F,0.0,0.0,0,0,0,0,0,0
GI0551_H,0.0,0.0,0,0,0,0,0,0
GI0551_S,0.0,0.0,0,0,0,0,0,0
GI0601_R,0.0,0.0,0,0,0,0,0,0
GI0601_T,0.0,0.0,0,0,0,0,0,0
GI0601_V,0.0,0.0,0,0,0,0,0,0
GI0601_W,0.0,0.0,0,0,0,0,0,0
GI0651_B,0.0,0.0,0,0,0,0,0,0
GI0651_C,0.0,0.0,0,0,0,0,0,0
GI0651_D,0.0,0.0,0,0,0,0,0,0
GI0651_G,0.0,0.0,0,0,0,0,0,0
GI1571_A,55.80506371697608,-4.232534128812309,1,1,1,1,1,1
GI1571_C,55.80500432306122,-4.230855173345576,1,1,1,1,1,1
GI1571_D,55.80580860890381,-4.232098042596065,1,1,1,1,1,1
GJ0051_A,55.83583161568193,-4.2500763150340575,1,1,1,1,1,0
GJ0051_C,55.83245288357809,-4.2485716652035554,1,1,1,1,1,0
GJ0051_D,55.83622707638901,-4.249093020579449,1,1,1,1,1,0
GJ0071_N,55.8325821987338,-4.2473974226310265,1,1,1,1,1,0
GJ0071_R,55.83560766060047,-4.248562169709127,1,1,1,1,1,0
GJ0071_T,0.0,0.0,0,0,0,0,0,0
GJ011A_T,55.835226792673474,-4.2487477909431535,1,1,1,1,1,0
GJ011A_V,55.83169902330712,-4.248512176194785,1,1,1,1,1,1
GJ0131_B,55.83297699817931,-4.246941127794114,1,1,1,0,0,0
GJ0131_C,55.829338745587634,-4.247833030040477,1,1,1,1,1,1
GJ0131_D,55.83232952500379,-4.248436792153829,1,1,1,1,1,1
GJ0131_M,0.0,0.0,0,0,0,0,0,0
GJ0141_T,55.831471428342574,-4.248179666147143,1,1,1,1,1,1
GJ0141_V,55.82868830740348,-4.247524050558686,1,1,1,1,1,0
GJ0141_X,55.82869845154642,-4.247460766100899,1,1,0,0,0,0
GJ0151_A,55.82845650595532,-4.248404847449312,1,1,1,1,1,1
GJ0151_B,55.82849585993911,-4.246251526578484,1,1,1,1,1,1
GJ0151_C,55.82639028544713,-4.246880545379555,1,1,1,1,1,1
GJ0151_D,55.82888844740375,-4.247391890352288,1,1,1,1,1,0
GJ0151_H,55.8285222112477,-4.2462849807931216,1,1,1,1,1,1
GJ0161_L,55.82913726671202,-4.247054958182368,1,1,1,1,1,1
GJ0161_M,55.82910135466032,-4.247052886591583,1,1,1,1,1,1
GJ0161_N,55.82853457390985,-4.247084061864989,1,1,1,1,1,1
GJ0161_P,55.82861675648922,-4.245044975986607,1,1,1,1,1,1
GJ0161_Q,55.828643690567205,-4.245046528263573,1,1,1,1,1,1
GJ0171_A,55.82862102312231,-4.2457956894081175,1,1,1,1,1,1
GJ0171_B,55.82875655576005,-4.24280162342768,1,1,1,1,1,1
GJ0171_D,55.82916912314015,-4.244326332809241,1,1,1,1,1,1
GJ019A_T,55.828193117904384,-4.247080332544341,1,1,1,1,1,0
GJ025A_C,55.82041217121338,-4.250399122552468,1,1,1,1,1,1
GJ0301_R,55.820379836075325,-4.25167437821006,1,1,1,1,1,1
GJ0301_S,55.82023472303351,-4.249782243544061,1,1,1,1,1,1
GJ0301_T,55.823063154665725,-4.2494346759519175,1,1,1,1,1,0
GJ0301_V,55.81935911758754,-4.2504819810554455,1,1,1,1,1,1
GJ0351_A,55.81924802421207,-4.25164090617372,1,1,1,1,1,1
GJ0351_B,55.81909085486535,-4.248933992022725,1,1,1,1,1,1
GJ0351_C,55.81843036649644,-4.25015697041314,1,1,1,1,1,1
GJ0351_D,55.82017210003487,-4.250257546433558,1,1,1,1,1,1
GJ2301_S,55.83744830356672,-4.261892484122705,1,1,1,1,1,0
GJ2301_T,55.83869691623278,-4.263881603929005,1,1,1,1,1,0
GJ2301_V,55.83677509674959,-4.264776040418298,1,1,1,1,1,0
GJ2401_A,55.83699873434792,-4.268733863115092,1,1,1,1,1,0
GJ2401_D,55.83761016989589,-4.264329501344417,1,1,1,1,1,0
GJ250B_T,55.83646984840526,-4.264758288183762,1,1,1,0,0,0
GJ252A_C,55.83366407462778,-4.265824784517628,1,1,1,1,0,0
GJ2551_R,55.83390077239362,-4.267611185764814,1,1,1,1,0,0
GJ2551_S,55.83307708504218,-4.264513091504816,1,1,1,1,0,0
GJ2601_P,55.835733311194,-4.254462478446834,1,1,1,1,1,0
GJ2601_S,55.8356492755152,-4.249235324683032,1,1,1,1,1,0
GJ2701_S,55.84051993214872,-4.255154897631233,1,1,1,1,1,0
GJ2701_T,55.84648108493082,-4.255020978886085,1,1,1,1,1,0
GJ2701_X,55.84073589542072,-4.25563060562386,1,1,1,1,0,0
GJ275A_V,55.83693354635204,-4.257135210420471,1,1,1,1,1,1
GJ2801_B,55.83640870518983,-4.254389783400119,1,1,1,1,1,0
GJ2801_C,55.83593094495036,-4.256917395883758,1,1,1,1,1,1
GJ2801_D,55.8384853645,-4.256809901438772,1,1,1,1,1,1
GJ282A_T,55.83660487613126,-4.256924511907082,1,1,1,1,1,1
GJ282A_V,55.835396659769295,-4.256646879467935,1,1,1,1,1,0
GJ2851_C,55.83313811686128,-4.255813368111504,1,1,1,1,1,1
GJ2851_D,55.83580759591964,-4.256782484310243,1,1,1,1,1,0
GJ2851_R,55.83542846295951,-4.258341567219163,1,1,1,1,1,1
GJ290A_M,55.83490901982317,-4.256283253088819,1,1,1,1,1,1
GJ3051_A,55.8274347517109,-4.265877591998152,1,1,1,1,1,1
GJ3051_B,55.82623860271296,-4.264945829606332,1,1,1,1,1,1
GJ3051_E,55.82763928492938,-4.264532287668986,1,1,1,1,1,1
GJ3051_F,55.82732897330613,-4.268202614396577,1,1,1,1,1,1
GJ3101_R,55.82797883122368,-4.26170986398765,1,1,1,1,1,1
GJ3101_S,55.82837984803474,-4.247681894125998,1,1,1,1,1,1
GJ3101_T,55.8289349659676,-4.258587829155584,1,1,1,1,1,0
GJ3201_R,55.824415626053,-4.259491328371662,1,1,1,1,0,0
GJ3201_S,55.820986359169495,-4.256339073456656,1,1,1,1,0,0
GJ3201_T,55.82454807339021,-4.257662945196019,1,1,1,1,0,0
GJ3201_V,55.82318935021541,-4.259707588022321,1,1,1,1,0,0
GJ3301_A,55.82321777097949,-4.2581606086892485,1,1,1,1,1,1
GJ3301_B,55.82028845142232,-4.250775113480551,1,1,1,1,1,1
GJ3301_C,55.81925458152307,-4.255696036412074,1,1,1,1,1,1
GJ3301_D,55.821736212748405,-4.256127061627288,1,1,1,1,1,1
GJ3351_R,55.81863120470836,-4.256362339593715,1,1,1,1,1,0
GJ3351_S,55.81919335446936,-4.251190767774348,1,1,1,1,1,1
GJ3351_T,55.82057522127064,-4.255724593301768,1,1,1,1,1,1
GJ3351_V,55.81785068626245,-4.254816623673204,1,1,1,1,1,1
GJ3551_T,55.81907829429189,-4.260889944193136,1,1,1,1,0,0
GJ3551_V,55.81739068322614,-4.262244656347269,1,1,1,1,0,0
GJ3551_W,55.81738258550054,-4.262196297709536,1,1,1,1,0,0
GJ3651_B,55.81711083867646,-4.261334497999337,1,1,1,1,0,0
GJ3651_C,55.81589499389816,-4.263913683430442,1,1,1,1,0,0
GJ3651_D,55.81818613849958,-4.2615086375327484,1,1,1,1,0,0
GJ3651_E,55.81657574468329,-4.262085612883242,1,1,1,1,0,0
GJ3651_G,55.81709346936277,-4.261301564664714,1,1,1,1,0,0
GJ3751_A,55.81397871125505,-4.268894085882694,1,1,1,1,0,0
GJ3751_C,55.81305913101706,-4.2680744225706615,1,1,1,1,0,0
GJ3751_D,55.81436839635038,-4.266283099940252,1,1,1,1,0,0
GK0051_A,55.84666021670515,-4.262395761044801,1,1,1,1,1,0
GK0051_B,55.846169834260365,-4.260226657375688,1,1,1,1,1,0
GK0051_C,55.84409371277402,-4.262182718590163,1,1,1,1,1,0
GK015A_T,55.84614179114403,-4.2612633810604645,1,1,1,1,1,1
GK020A_C,55.84087991674137,-4.265398136614238,1,1,1,1,1,0
GK020A_D,55.84387102622068,-4.262073936810617,1,1,1,1,1,0
GK0251_R,55.84115074735943,-4.266308360823459,1,1,1,1,1,0
GK0251_T,55.84228274564642,-4.263403260149433,1,1,1,1,1,0
GK0251_V,55.83880048026578,-4.267529161607213,1,1,1,1,1,0
GK0301_B,55.83786259682277,-4.2647754035653564,1,1,1,1,1,0
GK0301_C,55.83724481656423,-4.2690356783241095,1,1,1,1,1,1
GK0301_D,55.84061632519519,-4.2655584967499705,1,1,1,1,1,1
GK0351_R,55.837181815696056,-4.270501339796874,1,1,1,1,1,1
GK0351_T,55.83798644490389,-4.268296297205533,1,1,1,1,1,1
GK0351_V,55.83641207624221,-4.270328695468587,1,1,1,1,1,1
GK037A_P,55.836843314262254,-4.269363642961795,1,1,1,1,1,1
GK037A_Q,55.83580730507315,-4.271443310506431,1,1,1,1,1,1
GK0401_B,55.835191818226434,-4.270704723518763,1,1,1,1,1,1
GK0401_C,55.83433956934594,-4.27402467157517,1,1,1,1,1,1
GK0401_D,55.83623766802008,-4.270526145722388,1,1,1,1,1,1
GK045A_T,55.83543846611083,-4.271948817467447,1,1,1,1,1,1
GK045A_V,55.83193222808461,-4.278323466277564,1,1,1,1,1,0
GK0501_A,55.83195553710533,-4.2794905592678285,1,1,1,1,1,1
GK0501_B,55.830898484503535,-4.277847819660646,1,1,1,1,1,1
GK0501_C,55.83075213023768,-4.280410174073082,1,1,1,1,1,1
GK0501_D,55.83394260631425,-4.274592372020509,1,1,1,1,1,1
GK0551_R,55.83119757019917,-4.282560076550379,1,1,1,1,0,0
GK0551_T,55.8311918320166,-4.279477801804983,1,1,1,1,1,1
GK0551_V,55.82956805302296,-4.282225069444391,1,1,1,1,1,1
GK0551_W,55.829806200100776,-4.283436624975642,1,1,1,1,1,1
GK070A_C,55.82632474202197,-4.285547717800434,1,1,1,1,0,0
GK070A_D,55.83026121800331,-4.281195812399165,1,1,1,1,0,0
GK075A_T,55.82895469783465,-4.2828278410305485,1,1,1,1,1,1
GK075A_V,55.82409812178536,-4.286391003508462,1,1,1,1,1,1
GK0801_A,55.82362965582493,-4.287417236176276,1,1,1,1,1,0
GK0801_D,55.82599019251563,-4.285655822470475,1,1,1,1,1,0
GK0801_G,55.82139745369501,-4.287110581931318,1,1,1,1,0,0
GK0801_H,55.82306308822964,-4.28695291080851,1,1,1,1,0,0
GK0851_R,55.82139137429342,-4.288403357899933,1,1,1,1,1,1
GK0851_S,55.82101057226365,-4.285683002505965,1,1,1,1,1,1
GK0851_V,55.82037821856057,-4.287306184454208,1,1,1,1,1,1
GK0851_X,55.823027770386574,-4.286918907221168,1,1,1,1,0,0
GK0851_Z,55.82364982606428,-4.286332764691297,1,1,1,1,0,0
GK0901_A,55.81687821597403,-4.289926164610442,1,1,1,1,1,0
GK0901_B,55.8157977709996,-4.287133124624543,1,1,1,1,1,0
GK0901_C,55.81556650207109,-4.289418111939536,1,1,1,1,1,0
GK0901_D,55.81720439323573,-4.2878541920912765,1,1,1,1,1,0
GK2371_R,55.80645884510014,-4.340652936524929,1,1,1,1,1,1
GK2371_T,55.80521483731764,-4.341791073450442,1,1,1,1,1,1
GK2371_W,55.80608764232248,-4.342210547148566,1,1,1,1,1,1
GK2371_X,55.80528686982954,-4.339896371304666,1,1,1,1,1,0
GK4501_A,55.82170172919147,-4.364622009285193,1,1,1,1,1,1
GK4501_B,55.82227473256898,-4.361463729272545,1,1,1,1,1,1
GK4601_T,55.83446264344608,-4.361436144291249,1,1,1,1,1,1
GK5101_A,55.80875660344616,-4.347414160624896,1,1,1,1,1,1
GK5101_C,55.80774529467072,-4.350481279894067,1,1,1,1,1,1
GK5101_D,55.80975920588024,-4.352326405982437,1,1,1,1,1,1
GK5131_A,55.81102674467461,-4.354190490672454,1,1,1,1,1,0
GK5131_C,55.81063369558662,-4.354533842834711,1,1,1,1,0,0
GK5141_R,55.81021478562821,-4.352002772504004,1,1,1,1,1,0
GL0051_R,55.84992046843456,-4.272266850188669,1,1,1,1,1,1
GL0051_S,55.84980954787963,-4.268537922622787,1,1,1,1,1,1
GL0051_T,55.84982910327488,-4.27088756301033,1,1,1,1,1,0
GL0051_X,55.84999336839172,-4.269778808242425,1,1,1,1,1,1
GL0401_R,55.85385439064694,-4.271921333196062,1,1,1,1,1,1
GL0401_S,55.8538320641002,-4.268261104388322,1,1,1,1,1,0
GL0401_V,55.853437323853285,-4.270171396142665,1,1,1,1,1,1
GL0401_Y,55.85413303529667,-4.269972310196127,1,1,1,1,0,0
GL0451_A,55.85374761055151,-4.276724424247558,1,1,1,1,1,1
GL0451_B,55.85389989158973,-4.270917383441117,1,1,1,1,1,1
GL0451_C,55.85308315285305,-4.272803008046837,1,1,1,1,1,1
GL0451_D,55.85452238774334,-4.273222603254965,1,1,1,1,1,0
GL0521_R,55.853761470095606,-4.278402908452971,1,1,1,1,1,0
GL0521_S,55.85371539788726,-4.273606866193896,1,1,1,1,1,0
GL0521_V,55.852611204870655,-4.277424858536154,1,1,1,1,1,0
GL0551_A,55.85352255114268,-4.280625806299277,1,1,1,1,1,0
GL0551_B,55.85362569506744,-4.277484225646401,1,1,1,1,1,0
GL0551_D,55.85429966960292,-4.2803997205377415,1,1,1,1,1,0
GL1101_S,55.84871294589976,-4.307199378129983,1,1,1,1,0,0
GL1101_T,55.84941523152848,-4.310484172404506,1,1,1,1,0,0
GL1101_V,55.84755898238269,-4.309782900336506,1,1,1,1,0,0
GL1151_A,55.84965757101863,-4.311936424489083,1,1,1,1,0,0
GL1151_B,55.85004788539256,-4.309339470394715,1,1,1,1,0,0
GL1151_C,55.84921742483297,-4.310488406707863,1,1,1,1,0,0
GL1151_D,55.85061699273464,-4.311578020227955,1,1,1,1,0,0
GL1251_A,55.84901958728743,-4.319567035320048,1,1,1,1,1,0
GL1251_B,55.850347552937954,-4.320636726421873,1,1,1,1,1,1
GL1251_C,55.850577514970205,-4.3194042542892594,1,1,1,1,1,1
GL1251_D,55.849701811304655,-4.317227216801621,1,1,1,1,1,1
GL1251_Y,55.84973538194174,-4.319737503600846,1,1,1,1,0,0
GL1301_R,0.0,0.0,0,0,0,0,0,0
GL1301_S,0.0,0.0,0,0,0,0,0,0
GL1301_T,0.0,0.0,0,0,0,0,0,0
GL1351_A,55.84635011626175,-4.333354142649502,1,1,1,1,1,0
GL1351_B,55.84707780613935,-4.327678599015886,1,1,1,1,1,0
GL1351_C,55.84456572200965,-4.331713656994374,1,1,1,1,1,1
GL1401_R,55.84608873236886,-4.3352874160952535,1,1,1,1,1,1
GL1401_V,55.84520382979344,-4.332662427117573,1,1,1,1,1,1
GL142A_A,55.84576224697452,-4.341114610379647,1,1,1,1,1,0
GL142B_B,55.84605717413282,-4.334582626564237,1,1,1,1,1,0
GL1451_H,55.84403625591158,-4.332145193095567,1,1,1,1,1,0
GL1501_A,55.84458951986439,-4.330932341728631,1,1,1,1,0,0
GL1691_R,55.84565959880849,-4.343201133832305,1,1,1,1,1,1
GL1691_S,55.84588300216375,-4.337128156919709,1,1,1,1,1,1
GL1701_A,55.8456065071126,-4.3473993039699055,1,1,1,1,1,1
GL1701_B,55.845617424353456,-4.342112310953289,1,1,1,1,1,1
GL1701_C,55.84564938356369,-4.34232190592485,1,1,1,1,1,1
GL1701_E,55.84663387723303,-4.343483433286647,1,1,1,1,1,1
GL1821_R,55.84575359406552,-4.349580753000241,1,1,1,1,1,1
GL1821_S,55.84550045400156,-4.344006265387408,1,1,1,1,1,0
GL1821_V,55.84540124604075,-4.347323027783866,1,1,1,1,1,1
GL1901_P,55.84657373725236,-4.359790491046517,1,1,1,1,1,1
GL1901_S,55.84579511370658,-4.355398116477264,1,1,1,1,1,1
GL1901_T,55.8465731249378,-4.359822404393915,1,1,1,1,1,1
GL1951_A,55.845239943836575,-4.366994101109558,1,1,1,1,1,0
GL1951_D,55.8464030677228,-4.363997590345768,1,1,1,1,1,0
GL2621_T,55.85527973642665,-4.297282524941751,1,1,1,1,0,0
GL2801_R,55.85624846009274,-4.2853235663688585,1,1,1,1,0,0
GL2801_S,55.85624527823335,-4.285978514211549,1,1,1,1,0,0
GL285A_D,55.85767284143315,-4.2816999841157655,1,1,1,1,0,0
GL3001_D,0.0,0.0,0,0,0,0,0,0
GL3551_R,55.85142175331068,-4.318959277164464,1,1,1,1,1,1
GL3551_S,55.85170923374178,-4.319919059398528,1,1,1,1,1,1
GL3551_T,55.85272444587642,-4.318509638142887,1,1,1,1,1,1
GL4101_T,55.864941248072974,-4.3378415274173365,1,1,1,1,1,0
GL4151_B,55.865908472667904,-4.339913527626766,1,1,1,1,1,1
GL4151_C,55.86533300965922,-4.339926860074516,1,1,1,1,1,1
